{
  "suspend_data": "2u9g60708090a0b0c0d0NM1001712E0101201112012120131201412015120161201712G101^1^v_player.6MdNfgnZ6cO.6DUV4f1qrDH1^1^00~2C7~2y3cb101001a1a1035w0~2d2340034003400r78000141^h_default_Disabledr78000141^h_default_Disabledr78000141^h_default_DisabledA780401c1^q_default_Selected_Disabled34003400YV2$tP3400340034003400q70020181^g_default_Visited340034000000000~2o3cb101001a1a1110~29234003400r78000141^h_default_Disabledr78000141^h_default_DisabledA780401c1^q_default_Selected_Disabledr78000141^h_default_Disabled34003400UR2SbL340034003400q70020181^g_default_Visited340034000000000z02Avo3400340034003400340034000210002100",
  "launch_data": "",
  "comments": "",
  "comments_from_lms": "",
  "core": {
    "student_id": "123",
    "student_name": "Nanang The Builder",
    "lesson_location": "Rangkuman",
    "credit": "",
    "lesson_status": "incomplete",
    "entry": "",
    "lesson_mode": "normal",
    "exit": "suspend",
    "session_time": "0000:01:21.43",
    "score": {
      "raw": "100",
      "min": "0",
      "max": "100"
    }
  },
  "objectives": {},
  "student_data": {
    "mastery_score": "",
    "max_time_allowed": "",
    "time_limit_action": ""
  },
  "student_preference": {
    "audio": "",
    "language": "",
    "speed": "",
    "text": ""
  },
  "interactions": {
    "0": {
      "id": "Scene1_Slide5_MultiChoice_0_0",
      "time": "18:12:08",
      "type": "choice",
      "weighting": "1",
      "student_response": "Correct",
      "result": "correct",
      "latency": "0000:00:05.84",
      "objectives": {
        "0": {
          "id": "SL360 LMS SCORM 1.2"
        }
      },
      "correct_responses": {
        "0": {
          "pattern": "Correct"
        }
      }
    },
    "1": {
      "id": "Scene1_Slide6_MultiChoice_0_0",
      "time": "18:13:18",
      "type": "choice",
      "weighting": "1",
      "student_response": "Correct",
      "result": "correct",
      "latency": "0000:01:16.18",
      "objectives": {
        "0": {
          "id": "SL360 LMS SCORM 1.2"
        }
      },
      "correct_responses": {
        "0": {
          "pattern": "Correct"
        }
      }
    }
  }
}