{
  "suspend_data": "",
  "launch_data": "",
  "comments": "",
  "comments_from_lms": "",
  "core": {
    "student_id": "123",
    "student_name": "Nanang The Builder",
    "lesson_location": "",
    "credit": "",
    "lesson_status": "incomplete",
    "entry": "",
    "lesson_mode": "normal",
    "exit": "suspend",
    "session_time": "00:00:00",
    "score": {
      "raw": "0",
      "min": "0",
      "max": "100"
    }
  },
  "objectives": {},
  "student_data": {
    "mastery_score": "",
    "max_time_allowed": "",
    "time_limit_action": ""
  },
  "student_preference": {
    "audio": "",
    "language": "",
    "speed": "",
    "text": ""
  },
  "interactions": {}
}